file,status,subject,creator,license,commons_file_page,original_source
photos/01_open_panicle_spikelet_pairs_matt_lavin_cc_by_sa_2.jpg,local,"Open flowering sorghum panicles in field; whole-head density and exsertion reference",Matt Lavin,CC BY-SA 2.0,https://commons.wikimedia.org/wiki/File:Sorghum_bicolor_(4055518651).jpg,https://upload.wikimedia.org/wikipedia/commons/9/94/Sorghum_bicolor_%284055518651%29.jpg
photos/02_terminal_branch_spikelet_triad_matt_lavin_cc_by_sa_2.jpg,local,"Terminal spikelet pair/triad close-up with exerted anthers",Matt Lavin,CC BY-SA 2.0,https://commons.wikimedia.org/wiki/File:Sorghum_bicolor_(4055518933).jpg,https://upload.wikimedia.org/wikipedia/commons/8/8b/Sorghum_bicolor_%284055518933%29.jpg
photos/03_flowering_sweet_sorghum_panicle_bugdream_cc_by_sa_3.jpg,local,"Exserted flowering sweet-sorghum panicle above flag leaf",Daniel Georg Döhne (Bugdream),CC BY-SA 3.0,https://commons.wikimedia.org/wiki/File:Sorghum_bicolor_(Moench).JPG,https://upload.wikimedia.org/wikipedia/commons/3/37/Sorghum_bicolor_%28Moench%29.JPG
photos/04_field_panicle_stefan_lefnaer_cc_by_sa_4.jpg,"local 1280px Commons derivative","Field panicle",Stefan.lefnaer,CC BY-SA 4.0,https://commons.wikimedia.org/wiki/File:Sorghum_bicolor_(s._lat.)_p._p._sl18.jpg,https://upload.wikimedia.org/wikipedia/commons/d/db/Sorghum_bicolor_%28s._lat.%29_p._p._sl18.jpg
photos/05_panicle_profile_stefan_lefnaer_cc_by_sa_4.jpg,"local 1280px Commons derivative","Panicle profile",Stefan.lefnaer,CC BY-SA 4.0,https://commons.wikimedia.org/wiki/File:Sorghum_bicolor_(s._lat.)_p._p._sl22.jpg,https://upload.wikimedia.org/wikipedia/commons/b/bc/Sorghum_bicolor_%28s._lat.%29_p._p._sl22.jpg
photos/06_spikelet_branch_stefan_lefnaer_cc_by_sa_4.jpg,"local 1280px Commons derivative","Spikelet-bearing branch",Stefan.lefnaer,CC BY-SA 4.0,https://commons.wikimedia.org/wiki/File:Sorghum_bicolor_(s._lat.)_p._p._sl29.jpg,https://upload.wikimedia.org/wikipedia/commons/3/32/Sorghum_bicolor_%28s._lat.%29_p._p._sl29.jpg
photos/07_open_and_contracted_flowerheads_harry_rose_cc_by_2.jpg,"local 1280px Commons derivative","Open and contracted flowerheads",Harry Rose,CC BY 2.0,https://commons.wikimedia.org/wiki/File:Sorghum_bicolor_flowerhead1_NWS_-_Flickr_-_Macleay_Grass_Man.jpg,https://upload.wikimedia.org/wikipedia/commons/e/eb/Sorghum_bicolor_flowerhead1_NWS_-_Flickr_-_Macleay_Grass_Man.jpg
,remote-link-only,"Grain-type panicle",Daniel Georg Döhne (Bugdream),CC BY-SA 3.0,https://commons.wikimedia.org/wiki/File:Sorghum_bicolor.JPG,https://upload.wikimedia.org/wikipedia/commons/d/d7/Sorghum_bicolor.JPG
photos/09_whole_plant_with_panicle_mohanapourani_cc_by_sa_4.jpg,"local 1280px Commons derivative","Whole plant with panicle",Mohanapourani Hort,CC BY-SA 4.0,https://commons.wikimedia.org/wiki/File:Sorghum_plant_with_panicle.jpg,https://upload.wikimedia.org/wikipedia/commons/f/f0/Sorghum_plant_with_panicle.jpg
