date,both_dev,single,same,pos,kt,precip,sky,full,clean,weather_ok,eligible,excur,n,month,picked,single_valid,pos_valid,eligible_v
2021-06-29,True,True,True,X,0.9236221040516508,0.0,variable,False,False,False,False,15.306122448979592,294.0,6,False,True,X,False
2021-06-30,True,False,False,,0.9138576358668914,0.0,variable,True,False,False,False,12.758620689655173,290.0,6,False,False,,False
2021-07-01,True,True,True,Y,0.935237104662015,0.0,clear,True,True,True,True,1.1363636363636365,352.0,7,False,True,Y,True
2021-07-02,True,False,False,,0.698674070378212,0.0,variable,True,False,False,False,4.823151125401929,311.0,7,False,False,,False
2021-07-03,True,True,True,X,0.8364730866387182,0.0,variable,True,False,False,False,81.01983002832861,353.0,7,False,True,X,False
2021-07-04,True,True,True,X,0.8779907404034369,0.3,variable,True,False,False,False,1.69971671388102,353.0,7,False,True,X,False
2021-07-05,True,True,True,X,0.9480731444334258,0.0,variable,True,False,False,False,0.84985835694051,353.0,7,False,True,X,False
2021-07-06,True,True,True,X,0.9558425033932619,0.0,variable,True,False,False,False,0.2824858757062147,354.0,7,False,True,X,False
2021-07-07,True,False,False,,0.9552519376095209,0.0,clear,True,False,True,False,0.0,238.0,7,False,False,,False
2021-07-08,True,True,True,Y,0.9471209075247199,0.0,clear,True,True,True,True,10.985915492957748,355.0,7,False,True,Y,True
2021-07-09,True,False,False,,0.9449371878319117,16.3,clear,True,False,False,False,30.990415335463258,313.0,7,False,False,,False
2021-07-10,True,True,True,X,0.9654028951576921,7.6,variable,True,False,False,False,0.0,355.0,7,False,True,X,False
2021-07-11,True,True,True,X,0.9346330303968711,0.0,clear,True,False,True,False,0.0,356.0,7,False,True,X,False
2021-07-12,True,True,True,X,0.9007534903336311,0.0,variable,True,False,False,False,0.8426966292134831,356.0,7,False,True,X,False
2021-07-13,True,True,True,X,0.9018588476534275,0.0,variable,True,False,False,False,15.686274509803921,357.0,7,False,True,X,False
2021-07-14,True,True,True,X,0.7173869344358992,2.8,variable,True,False,False,False,3.0927835051546393,291.0,7,False,True,X,False
2021-07-15,True,False,False,,0.8351841896060476,23.900000000000002,variable,True,False,False,False,0.0,289.0,7,False,False,,False
2021-07-16,True,False,False,,0.489095887175197,1.6,overcast,True,True,False,False,0.5555555555555556,360.0,7,False,True,Y,False
2021-07-17,True,True,True,X,0.9507805141927602,0.0,variable,True,True,False,False,0.5555555555555556,360.0,7,False,True,X,False
2021-07-18,True,True,True,X,0.5496893622511052,0.0,overcast,True,True,False,False,7.202216066481995,361.0,7,False,True,X,False
2021-07-19,True,True,True,X,0.6570361793139738,0.0,variable,True,True,False,False,1.662049861495845,361.0,7,False,True,X,False
2021-07-20,True,True,True,X,0.8007393231824964,0.0,variable,True,True,False,False,0.0,362.0,7,False,True,X,False
2021-07-21,True,False,False,,0.7701696816019991,2.3,variable,True,True,False,False,0.9230769230769231,325.0,7,False,False,,False
2021-07-22,True,True,True,Y,0.9032401666659695,0.5,variable,True,True,False,False,1.6483516483516485,364.0,7,False,True,Y,False
2021-07-23,True,True,True,Y,0.11517927328113427,33.6,overcast,True,True,False,False,,,7,False,True,Y,False
2021-07-24,True,True,True,Y,0.18512536303345556,32.1,overcast,True,True,False,False,31.08108108108108,222.0,7,False,True,Y,False
2021-07-25,True,True,True,Y,0.6088592185999303,19.1,variable,True,True,False,False,0.821917808219178,365.0,7,False,True,Y,False
2021-07-26,True,False,False,,0.9391425398241361,0.0,clear,True,True,True,False,0.0,367.0,7,True,True,Y,True
2021-07-27,True,True,True,X,0.9418209899289044,0.0,clear,True,True,True,True,1.08991825613079,367.0,7,False,True,X,True
2021-07-28,True,False,False,,0.957844147142952,0.0,clear,True,True,True,False,,,7,False,False,,False
2021-07-29,False,False,False,,0.8032615024432577,0.0,variable,False,True,False,False,,,7,False,False,,False
2021-07-30,True,False,False,,0.946716960877097,0.0,clear,True,False,True,False,3.061224489795918,196.0,7,False,False,,False
2021-07-31,False,False,False,,0.9322747699550381,0.3,variable,False,True,False,False,,,7,False,False,,False
2021-08-01,False,False,False,,0.8852842239706146,0.0,variable,False,True,False,False,,,8,False,False,,False
2021-08-02,False,False,False,,0.9505325408293094,0.0,clear,False,True,True,False,,,8,False,False,,False
2021-08-03,True,True,True,X,0.9652392111056785,0.0,clear,True,True,True,True,0.8042895442359249,373.0,8,False,True,X,True
2021-08-04,True,False,False,,0.9779930590864528,0.0,clear,True,True,True,False,3.313253012048193,332.0,8,False,False,,False
2021-08-05,True,True,True,Y,0.9424241778575467,0.0,clear,True,True,True,True,1.6,375.0,8,False,True,Y,True
2021-08-06,True,True,True,Y,0.9210140094874306,0.0,clear,True,True,True,True,2.127659574468085,376.0,8,False,True,Y,True
2021-08-07,True,True,True,Y,0.9482004253658022,0.0,clear,True,True,True,True,2.122015915119363,377.0,8,False,True,Y,True
2021-08-08,True,True,True,Y,0.9554590670142917,0.0,clear,True,True,True,True,2.122015915119363,377.0,8,False,True,Y,True
2021-08-09,True,True,True,Y,0.4556046397247836,3.1,overcast,True,True,False,False,6.622516556291391,302.0,8,False,True,Y,False
2021-08-10,True,True,True,Y,0.9132366061470343,2.5999999999999996,variable,False,True,False,False,7.4324324324324325,296.0,8,False,True,Y,False
2021-08-11,True,False,False,,0.8530708449314796,0.0,variable,True,False,False,False,3.225806451612903,279.0,8,False,False,,False
2021-08-12,False,False,False,,0.8288550796055763,0.0,variable,False,False,False,False,,,8,False,False,,False
2021-08-13,False,False,False,,0.8425934787264582,0.0,variable,False,False,False,False,,,8,False,False,,False
2021-08-14,False,False,False,,0.9475281372047072,17.0,variable,False,False,False,False,,,8,False,False,,False
2021-08-15,False,False,False,,0.9667723073996184,0.0,variable,False,False,False,False,,,8,False,False,,False
2021-08-16,False,False,False,,0.9386146821450896,37.1,clear,False,False,False,False,,,8,False,False,,False
2021-08-17,False,False,False,,0.9126384763518822,2.0,variable,False,False,False,False,,,8,False,False,,False
2021-08-18,True,False,False,,0.9175562936570835,0.0,variable,True,False,False,False,,,8,False,False,,False
2021-08-19,True,True,True,Y,0.9492654693704493,0.0,variable,True,True,False,False,1.550387596899225,387.0,8,False,True,Y,False
2021-08-20,True,True,True,Y,0.9535341593158153,0.0,clear,True,True,True,True,2.3255813953488373,387.0,8,False,True,Y,True
2021-08-21,True,True,True,Y,0.9738264013386088,0.0,clear,True,True,True,True,0.7712082262210797,389.0,8,False,True,Y,True
2021-08-22,True,True,True,Y,0.9784007492536649,0.0,clear,True,True,True,True,1.2853470437017995,389.0,8,True,True,Y,True
2021-08-23,True,True,True,Y,0.9821704231751464,0.0,clear,True,True,True,True,3.580562659846547,391.0,8,False,True,Y,True
2021-08-24,True,True,True,Y,0.9642561138036116,0.0,clear,True,True,True,True,1.7902813299232736,391.0,8,False,True,Y,True
2021-08-25,True,False,False,,0.9513431499234392,0.0,clear,True,False,True,False,0.2890173410404624,346.0,8,False,False,,False
2021-08-26,True,True,True,X,0.9590973774079299,0.0,clear,True,False,True,False,1.0178117048346056,393.0,8,False,True,X,False
2021-08-27,True,True,True,X,0.9521257731449786,0.0,variable,True,False,False,False,0.0,393.0,8,False,True,X,False
2021-08-28,True,True,True,X,0.9482491925039748,0.0,variable,True,False,False,False,0.5063291139240507,395.0,8,False,True,X,False
2021-08-29,True,True,True,X,0.9215022180832244,0.0,variable,True,False,False,False,3.79746835443038,395.0,8,False,True,X,False
2021-08-30,True,True,True,X,0.7993875329007201,8.6,variable,True,False,False,False,17.17171717171717,396.0,8,False,True,X,False
2021-08-31,True,True,True,X,0.5711252919499417,2.1999999999999997,variable,True,False,False,False,33.249370277078086,397.0,8,False,True,X,False
2021-09-01,True,True,True,X,0.9657640475509933,2.3,variable,True,False,False,False,31.909547738693465,398.0,9,False,True,X,False
2021-09-02,True,True,True,X,0.9999534967028045,0.0,variable,True,False,False,False,25.879396984924625,398.0,9,False,True,X,False
2021-09-03,True,False,False,,0.9344804391734325,0.0,clear,True,False,True,False,31.28654970760234,342.0,9,False,False,,False
2021-09-04,True,True,True,Y,0.9625863918285485,0.0,clear,True,True,True,True,0.0,400.0,9,False,True,Y,True
2021-09-05,True,True,True,Y,0.9566110120576111,0.0,clear,True,True,True,True,0.0,400.0,9,False,True,Y,True
2021-09-06,True,True,True,Y,0.9570762814595032,0.0,clear,True,True,True,True,1.4925373134328357,402.0,9,False,True,Y,True
2021-09-07,True,True,True,Y,0.9445698162854805,0.0,clear,True,True,True,True,0.9950248756218906,402.0,9,False,True,Y,True
2021-09-08,True,True,True,Y,0.9381474303489981,0.0,clear,True,True,True,True,1.488833746898263,403.0,9,False,True,Y,True
2021-09-09,True,False,False,,0.9484385497496675,0.0,clear,True,True,True,False,,,9,False,False,,False
2021-09-10,False,False,False,,0.9590832008701075,0.0,clear,False,True,True,False,,,9,False,False,,False
2021-09-11,True,True,True,X,0.9436163674623586,0.0,variable,True,False,False,False,,,9,False,False,,False
2021-09-12,True,True,True,X,0.980533422068483,0.0,clear,True,False,True,False,0.0,405.0,9,False,True,X,False
2021-09-13,True,True,True,X,0.9620706989529354,0.0,clear,True,False,True,False,1.477832512315271,406.0,9,False,True,X,False
2021-09-14,True,True,True,X,0.949757050835119,0.0,clear,True,False,True,False,0.0,407.0,9,False,True,X,False
2021-09-15,True,True,True,X,0.9599151878922555,0.0,clear,True,False,True,False,0.0,408.0,9,False,True,X,False
2021-09-16,True,True,True,X,0.9496706390000131,0.0,clear,True,False,True,False,0.0,408.0,9,False,True,X,False
2021-09-17,True,False,False,,0.6757555883185589,0.0,variable,True,False,False,False,1.9283746556473829,363.0,9,False,False,,False
2021-09-18,True,True,True,Y,0.8544799499997784,0.0,variable,True,True,False,False,3.6269430051813467,386.0,9,False,True,Y,False
2021-09-19,True,True,True,Y,0.926520834049453,0.0,variable,True,True,False,False,1.4634146341463417,410.0,9,False,True,Y,False
2021-09-20,True,True,True,Y,0.9758333020743689,0.0,clear,True,True,True,True,0.0,411.0,9,False,True,Y,True
2021-09-21,True,True,True,Y,0.9846403981306895,0.0,clear,True,True,True,True,0.0,412.0,9,True,True,Y,True
2021-09-22,True,True,True,Y,0.9694791512322508,0.0,clear,True,True,True,True,0.0,412.0,9,False,True,Y,True
2021-09-23,True,True,True,Y,0.9697117200610235,0.0,clear,False,True,True,False,0.0,308.0,9,False,True,Y,False
